clave,object_number,area,perimeter,angle_of_inclination,texture,intensity,Cluster_Normalized
10.png,1,87298,1472,0.983443676,59.30570612,255,0
100.png,3,86487,1574,0.983443676,54.94726776,255,0
100.png,4,56988,1030,0.980620117,55.3281548,255,0
11.png,1,86647,1566,0.983443676,55.33014013,255,0
12.png,1,62023,1186,1.084942043,52.29595234,255,0
13.png,1,87836,1420,0.983498317,61.85633759,255,0
13.png,2,60868,1140,1.077220036,53.39298199,255,0
14.png,2,86662,1554,0.986754934,55.76705241,255,0
14.png,4,58596,1096,1.011627868,53.46350316,255,0
15.png,1,87619,1414,0.986754934,61.9653461,255,0
15.png,2,60555,1124,1.077220036,53.87455468,255,0
15.png,4,87496,1414,0.986754934,61.87835883,255,0
16.png,1,86927,1500,0.99003319,57.95133295,255,0
16.png,2,87469,1416,0.986754934,61.77189222,255,0
16.png,3,59279,1060,1.03875965,55.92358438,255,0
16.png,5,87025,1502,0.986754934,57.93941373,255,0
17.png,1,86936,1500,0.983443676,57.95733295,255,0
17.png,2,86751,1536,0.986754934,56.47851526,255,0
17.png,3,58599,1096,1.011627868,53.46624039,255,0
17.png,4,86957,1520,0.986754934,57.20855226,255,0
17.png,5,86591,1570,0.983443676,55.15350283,255,0
18.png,2,61945,1190,1.084942043,52.05462141,255,0
19.png,2,61945,1190,1.084942043,52.05462141,255,0
20.png,2,60454,1120,1.077220036,53.97678523,255,0
21.png,3,60335,1114,1.077220036,54.16068174,255,0
22.png,4,58830,1096,1.011627868,53.67700681,255,0
30.png,1,86585,1580,0.986754934,54.80063256,255,0
30.png,2,86537,1578,0.983443676,54.83967012,255,0
30.png,6,86925,1570,0.986754934,55.36624169,255,0
30.png,7,86010,1654,0.986754934,52.00120888,255,0
33.png,2,87724,1434,0.983498317,61.17433709,255,0
34.png,3,87108,1528,0.983498317,57.00785303,255,0
35.png,3,86830,1588,0.983498317,54.67884097,255,0
38.png,1,87387,1432,0.986754934,61.02444091,255,0
38.png,4,87393,1432,0.986754934,61.02863086,255,0
47.png,2,86073,1652,0.983443676,52.10229993,255,0
5.png,6,105007,2078,1.236768768,50.53272353,255,0
6.png,3,86130,1590,0.983443676,54.16981098,255,0
61.png,2,86775,1554,0.986754934,55.83976798,255,0
62.png,2,86535,1586,0.986754934,54.56179032,255,0
62.png,4,86623,1560,0.99003319,55.52756375,255,0
7.png,1,87417,1458,0.983443676,59.95678971,255,0
76.png,2,58830,1096,1.011627868,53.67700681,255,0
77.png,2,61945,1190,1.084942043,52.05462141,255,0
78.png,2,61450,1188,1.081081039,51.72558879,255,0
79.png,2,60770,1138,1.077220036,53.40070252,255,0
8.png,1,87253,1474,0.983443676,59.19470788,255,0
8.png,3,87146,1478,0.986754934,58.96211056,255,0
80.png,3,59964,1116,1.077220036,53.73118231,255,0
86.png,1,86921,1530,0.986754934,56.81111074,255,0
87.png,1,87201,1500,0.986754934,58.13399961,255,0
88.png,1,61450,1188,1.081081039,51.72558879,255,0
89.png,2,60454,1120,1.077220036,53.97678523,255,0
9.png,1,87358,1464,0.983443676,59.67076462,255,0
90.png,2,60335,1114,1.077220036,54.16068174,255,0
91.png,3,60335,1114,1.077220036,54.16068174,255,0
92.png,4,59964,1116,1.077220036,53.73118231,255,0
93.png,3,60335,1114,1.077220036,54.16068174,255,0
94.png,3,58830,1096,1.011627868,53.67700681,255,0
95.png,2,86738,1564,0.986754934,55.45907893,255,0
95.png,4,58306,1082,0.984496086,53.88724534,255,0
96.png,3,58599,1096,1.011627868,53.46624039,255,0
97.png,5,58259,1080,0.980620117,53.94351802,255,0
98.png,3,58599,1096,1.011627868,53.46624039,255,0
99.png,3,57840,1080,0.980620117,53.55555506,255,0
10.png,4,10992,458,0.94017086,23.99999948,255,1
100.png,5,361,76,0.999999444,4.749999375,255,1
11.png,4,11771,514,1.170940071,22.90077776,255,1
11.png,6,10954,458,0.94017086,23.91703005,255,1
12.png,2,440,84,0.904761474,5.238094615,255,1
13.png,3,440,84,0.904761474,5.238094615,255,1
14.png,5,400,80,0.999999474,4.999999375,255,1
15.png,3,419,82,0.949999525,5.109755474,255,1
16.png,4,419,82,0.949999525,5.109755474,255,1
18.png,1,12957,500,0.937499927,25.91399948,255,1
18.png,3,440,84,0.904761474,5.238094615,255,1
19.png,1,12869,496,0.9370078,25.94556399,255,1
19.png,3,440,84,0.904761474,5.238094615,255,1
19.png,4,12936,498,0.944881815,25.97590309,255,1
20.png,1,12833,496,0.9370078,25.87298335,255,1
20.png,3,419,82,0.949999525,5.109755474,255,1
20.png,5,12893,498,0.944881815,25.88955771,255,1
21.png,1,12822,496,0.9370078,25.85080593,255,1
21.png,4,419,82,0.949999525,5.109755474,255,1
21.png,6,12883,498,0.944881815,25.86947739,255,1
22.png,1,12795,496,0.9370078,25.79637045,255,1
22.png,5,400,80,0.999999474,4.999999375,255,1
22.png,7,12856,498,0.944881815,25.81526053,255,1
23.png,1,399,80,0.999999474,4.987499377,255,1
23.png,2,361,76,0.999999444,4.749999375,255,1
23.png,3,512,92,1.1999994,5.565216786,255,1
23.png,4,361,76,0.999999444,4.749999375,255,1
23.png,5,13144,504,0.937984423,26.07936456,255,1
23.png,6,500,90,1.047618549,5.555554938,255,1
24.png,2,399,80,1.111110494,4.987499377,255,1
24.png,3,12964,500,0.937499927,25.92799948,255,1
24.png,4,479,88,0.999999524,5.4431812,255,1
25.png,1,399,80,0.999999474,4.987499377,255,1
25.png,2,11384,464,0.932773031,24.53448223,255,1
25.png,3,511,92,1.1999994,5.554347222,255,1
25.png,4,13085,500,0.937499927,26.16999948,255,1
25.png,5,500,90,1.047618549,5.555554938,255,1
26.png,1,13035,500,0.937499927,26.06999948,255,1
26.png,2,399,80,0.999999474,4.987499377,255,1
26.png,3,361,76,0.999999444,4.749999375,255,1
26.png,4,511,92,1.1999994,5.554347222,255,1
26.png,5,361,76,0.999999444,4.749999375,255,1
26.png,6,6777,354,0.966292026,19.14406726,255,1
26.png,7,12916,498,0.944881815,25.93574245,255,1
26.png,8,500,90,1.047618549,5.555554938,255,1
27.png,1,12959,498,0.944881815,26.02208783,255,1
27.png,2,12910,496,0.9370078,26.02822528,255,1
27.png,3,398,80,0.999999474,4.974999378,255,1
27.png,4,361,76,0.999999444,4.749999375,255,1
27.png,5,511,92,1.1999994,5.554347222,255,1
27.png,6,361,76,0.999999444,4.749999375,255,1
27.png,7,13082,502,0.930232486,26.05976044,255,1
27.png,8,499,90,1.047618549,5.544443828,255,1
27.png,9,12879,498,0.929687427,25.86144526,255,1
28.png,1,13011,500,0.937499927,26.02199948,255,1
28.png,2,12979,500,0.937499927,25.95799948,255,1
28.png,3,398,80,0.999999474,4.974999378,255,1
28.png,4,361,76,0.999999444,4.749999375,255,1
28.png,5,511,92,1.1999994,5.554347222,255,1
28.png,6,361,76,0.999999444,4.749999375,255,1
28.png,7,13117,504,0.937984423,26.02579313,255,1
28.png,8,499,90,1.047618549,5.544443828,255,1
28.png,9,13014,502,0.945312426,25.92430227,255,1
28.png,10,12874,498,0.944881815,25.8514051,255,1
29.png,2,12944,500,0.937499927,25.88799948,255,1
29.png,3,12875,500,0.937499927,25.74999949,255,1
29.png,4,454,86,1.157894127,5.279069154,255,1
29.png,5,12920,500,0.937499927,25.83999948,255,1
29.png,6,12888,496,0.9370078,25.98387044,255,1
29.png,7,12950,500,0.95275583,25.89999948,255,1
29.png,8,12782,496,0.9370078,25.77016077,255,1
29.png,9,479,88,0.999999524,5.4431812,255,1
29.png,10,12878,498,0.929687427,25.85943723,255,1
29.png,11,12797,496,0.9370078,25.80040271,255,1
29.png,12,12771,496,0.9370078,25.74798335,255,1
3.png,3,11756,514,1.170940071,22.87159489,255,1
30.png,3,12881,498,0.929687427,25.86546133,255,1
30.png,4,12833,498,0.944881815,25.76907579,255,1
30.png,5,399,80,1.111110494,4.987499377,255,1
30.png,8,12903,496,0.9370078,26.01411238,255,1
30.png,9,479,88,0.999999524,5.4431812,255,1
30.png,10,12841,496,0.9370078,25.88911238,255,1
30.png,11,12752,496,0.9370078,25.7096769,255,1
31.png,2,398,80,0.999999474,4.974999378,255,1
31.png,3,361,76,0.999999444,4.749999375,255,1
31.png,4,511,92,1.1999994,5.554347222,255,1
31.png,5,361,76,0.999999444,4.749999375,255,1
31.png,6,13117,504,0.937984423,26.02579313,255,1
31.png,7,499,90,1.047618549,5.544443828,255,1
32.png,2,398,80,0.999999474,4.974999378,255,1
32.png,3,361,76,0.999999444,4.749999375,255,1
32.png,4,492,90,1.149999425,5.466666059,255,1
32.png,5,361,76,0.999999444,4.749999375,255,1
32.png,6,13104,504,0.937984423,25.99999948,255,1
32.png,7,499,90,1.047618549,5.544443828,255,1
33.png,3,492,90,1.149999425,5.466666059,255,1
33.png,4,361,76,0.999999444,4.749999375,255,1
33.png,5,13059,504,0.937984423,25.91071377,255,1
33.png,6,479,88,0.999999524,5.4431812,255,1
34.png,4,491,90,1.149999425,5.455554949,255,1
34.png,5,12977,502,0.945312426,25.85059709,255,1
34.png,6,479,88,0.999999524,5.4431812,255,1
35.png,4,399,80,1.111110494,4.987499377,255,1
35.png,5,12896,496,0.9370078,25.99999948,255,1
35.png,7,460,86,0.952380499,5.348836587,255,1
36.png,1,361,76,0.999999444,4.749999375,255,1
36.png,3,459,86,0.952380499,5.337208682,255,1
37.png,3,458,86,0.952380499,5.325580776,255,1
38.png,5,420,82,0.949999525,5.121950595,255,1
39.png,3,420,82,0.949999525,5.121950595,255,1
4.png,4,11674,510,1.172413692,22.89019563,255,1
40.png,1,12922,500,0.937499927,25.84399948,255,1
40.png,4,420,82,0.949999525,5.121950595,255,1
41.png,4,420,82,0.949999525,5.121950595,255,1
43.png,3,420,82,0.949999525,5.121950595,255,1
44.png,3,420,82,0.949999525,5.121950595,255,1
45.png,3,420,82,0.949999525,5.121950595,255,1
46.png,2,12748,494,0.944444369,25.80566749,255,1
46.png,4,420,82,0.949999525,5.121950595,255,1
47.png,3,12733,494,0.944444369,25.77530312,255,1
47.png,5,420,82,0.949999525,5.121950595,255,1
5.png,4,11685,510,1.172413692,22.91176426,255,1
50.png,2,37972,1384,0.116968697,27.43641599,255,1
50.png,3,10946,458,0.94017086,23.8995628,255,1
50.png,4,10930,456,0.94827578,23.96929772,255,1
50.png,5,10969,458,0.94017086,23.94978114,255,1
56.png,3,12792,496,0.9370078,25.79032206,255,1
56.png,4,12740,494,0.944444369,25.78947316,255,1
57.png,2,12836,498,0.944881815,25.77509988,255,1
57.png,4,12877,498,0.944881815,25.8574292,255,1
57.png,5,12838,498,0.944881815,25.77911595,255,1
58.png,2,12806,496,0.9370078,25.81854787,255,1
58.png,4,12850,496,0.9370078,25.90725754,255,1
58.png,5,12869,498,0.944881815,25.84136494,255,1
58.png,6,12832,498,0.944881815,25.76706776,255,1
58.png,8,12853,498,0.944881815,25.80923643,255,1
6.png,6,11476,500,1.19469016,22.95199954,255,1
60.png,2,12863,498,0.944881815,25.82931675,255,1
66.png,1,12909,500,0.937499927,25.81799948,255,1
67.png,1,12875,498,0.944881815,25.85341314,255,1
67.png,2,12898,500,0.937499927,25.79599948,255,1
68.png,1,12867,498,0.944881815,25.83734888,255,1
68.png,2,12869,498,0.944881815,25.84136494,255,1
69.png,1,12837,498,0.944881815,25.77710792,255,1
69.png,2,12840,498,0.944881815,25.78313201,255,1
70.png,2,12860,496,0.9370078,25.92741883,255,1
70.png,3,12964,500,0.937499927,25.92799948,255,1
70.png,5,420,82,0.949999525,5.121950595,255,1
70.png,6,12802,496,0.952380877,25.81048335,255,1
70.png,7,12872,498,0.944881815,25.84738904,255,1
70.png,8,12865,498,0.944881815,25.83333281,255,1
71.png,4,420,82,0.949999525,5.121950595,255,1
74.png,4,420,82,0.949999525,5.121950595,255,1
74.png,5,12859,496,0.9370078,25.9254027,255,1
75.png,4,420,82,0.949999525,5.121950595,255,1
75.png,5,12852,496,0.9370078,25.9112898,255,1
75.png,6,12798,496,0.9370078,25.80241883,255,1
76.png,1,12828,498,0.944881815,25.75903563,255,1
76.png,3,400,80,0.999999474,4.999999375,255,1
77.png,1,12953,500,0.937499927,25.90599948,255,1
77.png,3,440,84,0.904761474,5.238094615,255,1
78.png,1,12944,500,0.937499927,25.88799948,255,1
78.png,3,440,84,0.904761474,5.238094615,255,1
79.png,1,12923,500,0.937499927,25.84599948,255,1
79.png,3,440,84,0.904761474,5.238094615,255,1
80.png,2,12846,496,0.9370078,25.89919303,255,1
80.png,4,419,82,0.949999525,5.109755474,255,1
82.png,3,11886,520,1.177966002,22.85769187,255,1
82.png,4,12824,496,0.9370078,25.85483819,255,1
83.png,3,11833,516,1.179487079,22.9321701,255,1
83.png,4,12820,496,0.9370078,25.84677367,255,1
84.png,1,12858,498,0.944881815,25.81927659,255,1
84.png,2,12862,498,0.944881815,25.82730872,255,1
85.png,2,12793,496,0.9370078,25.79233819,255,1
85.png,4,11833,516,1.179487079,22.9321701,255,1
86.png,2,12815,496,0.9370078,25.83669303,255,1
87.png,2,12850,498,0.944881815,25.80321233,255,1
88.png,2,440,84,0.904761474,5.238094615,255,1
89.png,3,419,82,0.949999525,5.109755474,255,1
9.png,3,11000,458,0.94017086,24.01746672,255,1
90.png,3,12876,498,0.944881815,25.85542117,255,1
91.png,2,12879,498,0.944881815,25.86144526,255,1
91.png,4,12891,498,0.944881815,25.88554165,255,1
92.png,2,12915,500,0.937499927,25.82999948,255,1
92.png,3,12870,498,0.944881815,25.84337298,255,1
92.png,5,12790,496,0.9370078,25.7862898,255,1
92.png,6,12884,498,0.944881815,25.87148542,255,1
93.png,2,12879,498,0.944881815,25.86144526,255,1
93.png,4,12876,498,0.944881815,25.85542117,255,1
94.png,2,12844,498,0.944881815,25.79116414,255,1
94.png,4,12845,498,0.944881815,25.79317217,255,1
95.png,3,12819,498,0.944881815,25.74096334,255,1
95.png,5,12819,498,0.944881815,25.74096334,255,1
96.png,4,400,80,0.999999474,4.999999375,255,1
97.png,6,398,80,0.999999474,4.974999378,255,1
98.png,4,400,80,0.999999474,4.999999375,255,1
99.png,4,398,80,0.999999474,4.974999378,255,1
10.png,2,38167,1388,7.14117563,27.49783842,255,2
11.png,2,38016,1388,7.14117563,27.38904879,255,2
21.png,2,38314,1388,7.14117563,27.6037462,255,2
22.png,3,38194,1386,7.129410926,27.55699836,255,2
31.png,1,38379,1390,7.058138714,27.61079117,255,2
32.png,1,38354,1390,7.058138714,27.59280556,255,2
32.png,8,38316,1388,7.14117563,27.60518712,255,2
33.png,1,38175,1386,7.226189616,27.54328984,255,2
33.png,7,38275,1388,7.14117563,27.57564822,255,2
34.png,1,38065,1386,7.226189616,27.46392477,255,2
34.png,7,38147,1388,7.14117563,27.4834292,255,2
35.png,1,37930,1388,7.14117563,27.32708914,255,2
35.png,6,38039,1388,7.14117563,27.4056194,255,2
36.png,2,34576,1342,7.158535712,25.76453036,255,2
37.png,1,38598,1388,7.14117563,27.80835715,255,2
37.png,2,34535,1342,7.158535712,25.73397894,255,2
38.png,2,38408,1392,7.14117563,27.59195382,255,2
38.png,3,34456,1342,7.158535712,25.67511158,255,2
39.png,1,38437,1390,7.058138714,27.65251779,255,2
39.png,2,34524,1342,7.158535712,25.72578222,255,2
39.png,4,38350,1388,7.14117563,27.6296828,255,2
40.png,2,38422,1390,7.058138714,27.64172642,255,2
40.png,3,34513,1342,7.158535712,25.7175855,255,2
40.png,5,38330,1388,7.14117563,27.61527358,255,2
41.png,1,38152,1386,7.226189616,27.52669533,255,2
41.png,2,38397,1390,7.058138714,27.62374081,255,2
41.png,3,34501,1342,7.158535712,25.70864362,255,2
41.png,5,38272,1386,7.129410926,27.61327541,255,2
42.png,1,38247,1388,7.14117563,27.55547531,255,2
42.png,2,38366,1388,7.14117563,27.64121018,255,2
42.png,3,34485,1342,7.158535712,25.69672112,255,2
42.png,4,38478,1402,7.211763857,27.44507826,255,2
42.png,5,38286,1388,7.14117563,27.58357329,255,2
43.png,2,34472,1342,7.158535712,25.68703409,255,2
44.png,2,34372,1342,7.158535712,25.61251844,255,2
45.png,2,34315,1342,7.158535712,25.57004452,255,2
46.png,3,34307,1342,7.158535712,25.56408327,255,2
47.png,4,34293,1342,7.158535712,25.55365108,255,2
55.png,3,37984,1386,7.129410926,27.40548321,255,2
56.png,5,37970,1388,7.129410926,27.35590758,255,2
56.png,6,37920,1386,7.129410926,27.35930716,255,2
57.png,1,38056,1386,7.129410926,27.45743126,255,2
57.png,6,38145,1386,7.129410926,27.52164482,255,2
58.png,1,51105,1850,5.287769404,27.62432418,255,2
58.png,7,38123,1386,7.129410926,27.50577181,255,2
59.png,1,38107,1386,7.129410926,27.4942278,255,2
59.png,3,38169,1386,7.129410926,27.53896084,255,2
64.png,1,37919,1384,7.214284855,27.39812119,255,2
64.png,4,38095,1386,7.129410926,27.48556979,255,2
65.png,2,38272,1388,7.14117563,27.57348683,255,2
66.png,3,38272,1388,7.14117563,27.57348683,255,2
67.png,4,38256,1388,7.14117563,27.56195946,255,2
68.png,4,38220,1388,7.14117563,27.53602286,255,2
68.png,5,38004,1386,7.226189616,27.41991322,255,2
69.png,3,38065,1388,7.14117563,27.42435139,255,2
69.png,5,38126,1388,7.14117563,27.46829951,255,2
69.png,6,38068,1388,7.14117563,27.42651277,255,2
69.png,7,37942,1386,7.226189616,27.37518018,255,2
70.png,4,34456,1342,7.158535712,25.67511158,255,2
71.png,3,34423,1342,7.158535712,25.65052142,255,2
72.png,3,34414,1342,7.158535712,25.64381501,255,2
72.png,4,38196,1386,7.129410926,27.55844136,255,2
73.png,3,34385,1342,7.158535712,25.62220547,255,2
73.png,4,38168,1386,7.129410926,27.53823934,255,2
73.png,5,38082,1386,7.129410926,27.47619028,255,2
74.png,3,34423,1342,7.158535712,25.65052142,255,2
75.png,3,34414,1342,7.158535712,25.64381501,255,2
78.png,4,38293,1388,7.14117563,27.58861652,255,2
79.png,4,38198,1388,7.14117563,27.52017271,255,2
79.png,5,38110,1388,7.14117563,27.45677214,255,2
80.png,5,38065,1388,7.14117563,27.42435139,255,2
80.png,6,37944,1386,7.226189616,27.37662318,255,2
81.png,3,38062,1388,7.14117563,27.42219,255,2
82.png,5,37897,1384,7.214284855,27.38222524,255,2
83.png,5,37894,1384,7.214284855,27.38005761,255,2
83.png,6,37882,1384,7.214284855,27.37138709,255,2
84.png,4,37992,1384,7.214284855,27.45086685,255,2
84.png,5,38011,1386,7.226189616,27.42496373,255,2
85.png,5,37894,1384,7.214284855,27.38005761,255,2
85.png,6,37882,1384,7.214284855,27.37138709,255,2
86.png,4,37924,1384,7.214284855,27.40173391,255,2
86.png,5,37921,1384,7.214284855,27.39956628,255,2
87.png,4,37986,1386,7.226189616,27.40692621,255,2
88.png,3,38161,1386,7.226189616,27.53318883,255,2
89.png,4,38067,1384,7.214284855,27.5050576,255,2
90.png,4,38041,1384,7.214284855,27.48627148,255,2
91.png,5,38041,1384,7.214284855,27.48627148,255,2
92.png,7,38023,1384,7.214284855,27.4732657,255,2
93.png,5,38041,1384,7.214284855,27.48627148,255,2
96.png,2,38197,1388,7.14117563,27.51945225,255,2
97.png,2,37875,1386,7.226189616,27.32683963,255,2
97.png,3,38042,1384,7.214284855,27.48699402,255,2
97.png,4,38130,1386,7.129410926,27.51082231,255,2
98.png,2,38197,1388,7.14117563,27.51945225,255,2
1.png,1,204801,3162,1.224489773,64.76944951,255,3
10.png,3,202395,3258,1.222634486,62.12246758,255,3
100.png,6,191156,3880,1.240480937,49.26701018,255,3
2.png,1,247406,4526,1.240350855,54.66327871,255,3
2.png,2,201466,3300,1.222634486,61.05030285,255,3
24.png,1,245669,4610,1.239929926,53.29045542,255,3
24.png,5,241827,4389,1.309259235,55.09842776,255,3
29.png,1,259085,5104,1.009999986,50.76116761,255,3
3.png,1,195646,3920,1.237623738,49.90969375,255,3
3.png,4,191917,3878,1.237999975,49.48865382,255,3
35.png,8,154972,3372,1.234899301,45.95848148,255,3
4.png,1,164304,3486,1.241830038,47.13252999,255,3
4.png,2,155511,3306,1.239910286,47.03901982,255,3
4.png,5,182930,3760,1.240246381,48.65159562,255,3
43.png,1,247994,4522,1.239929926,54.84166286,255,3
44.png,1,245676,4608,1.240350855,53.31510405,255,3
44.png,4,245851,4533,1.243432553,54.23582604,255,3
45.png,1,244125,4764,1.242530734,51.24370266,255,3
45.png,5,244658,4634,1.247368399,52.79628819,255,3
46.png,1,243605,4798,1.242530734,50.77219664,255,3
46.png,6,243895,4786,1.247368399,50.96009183,255,3
47.png,1,241305,5150,1.242530734,46.85533971,255,3
47.png,7,241489,5117,1.247368399,47.19347265,255,3
54.png,1,247323,4538,1.238178612,54.5004406,255,3
55.png,1,246744,4582,1.238178612,53.85072009,255,3
56.png,1,246030,4592,1.238178612,53.57796156,255,3
6.png,4,180940,3046,1.478651652,59.40249488,255,3
6.png,5,189547,3616,0.720610676,52.41897109,255,3
63.png,3,245855,4586,1.240350855,53.60989958,255,3
7.png,2,203368,3194,1.222634486,63.67188458,255,3
8.png,2,202006,3276,1.222634486,61.66239297,255,3
81.png,1,193121,3774,1.237999975,51.17143601,255,3
81.png,2,201463,3300,1.222634486,61.04939375,255,3
82.png,1,192599,3822,1.240480937,50.3922029,255,3
83.png,1,192452,3836,1.240480937,50.16996859,255,3
84.png,3,202879,3204,1.222634486,63.32053663,255,3
86.png,3,201463,3300,1.222634486,61.04939375,255,3
87.png,3,202395,3258,1.222634486,62.12246758,255,3
89.png,1,193633,3738,1.240480937,51.80123047,255,3
9.png,2,202879,3204,1.222634486,63.32053663,255,3
90.png,1,193404,3758,1.240480937,51.4646087,255,3
91.png,1,193404,3758,1.240480937,51.4646087,255,3
92.png,1,193255,3762,1.240480937,51.37028163,255,3
97.png,7,191665,3870,1.240480937,49.52583967,255,3
98.png,5,192111,3856,1.240480937,49.8213173,255,3
99.png,5,191479,3866,1.240480937,49.52897038,255,3
100.png,1,142697,2196,0.725047067,64.98041865,255,4
100.png,2,142729,2192,0.723684197,65.11359459,255,4
11.png,3,187331,2850,1.480898843,65.73017521,255,4
11.png,5,143207,2080,0.723684197,68.8495189,255,4
14.png,1,132004,2852,1.235294087,46.28471232,255,4
14.png,3,132630,2764,1.237745068,47.98480446,255,4
14.png,6,132204,2842,1.235294087,46.51794495,255,4
20.png,4,143360,2082,0.726930306,68.85686807,255,4
21.png,5,143342,2082,0.726930306,68.84822253,255,4
22.png,2,121937,2326,1.23711337,52.42347355,255,4
22.png,6,143202,2080,0.725047067,68.84711505,255,4
3.png,2,186932,2858,1.480898843,65.4065778,255,4
34.png,2,143597,2086,0.725563896,68.83844646,255,4
35.png,2,143466,2086,0.725563896,68.77564684,255,4
4.png,3,185414,2924,1.480898843,63.41108049,255,4
45.png,4,142603,2234,0.725563896,63.83303463,255,4
46.png,5,142425,2252,0.725563896,63.24378302,255,4
47.png,6,142136,2280,0.725563896,62.3403506,255,4
48.png,1,142608,2068,0.728624522,68.95938071,255,4
49.png,1,143456,2084,0.725563896,68.83685188,255,4
49.png,2,141226,2050,0.739130421,68.89073137,255,4
5.png,1,121487,2342,1.240310045,51.87318509,255,4
5.png,2,134161,2922,1.235436863,45.91409977,255,4
5.png,3,186009,2900,1.480898843,64.14103426,255,4
5.png,5,132300,2756,1.238329208,48.00435396,255,4
50.png,1,143203,2082,0.726930306,68.7814598,255,4
50.png,6,139266,2044,0.741444853,68.13405055,255,4
50.png,7,143213,2082,0.726930306,68.78626288,255,4
51.png,1,142985,2126,0.726930306,67.2554089,255,4
51.png,2,142889,2126,0.725047067,67.21025368,255,4
51.png,3,138330,2058,0.740952367,67.21574311,255,4
51.png,4,142989,2132,0.725563896,67.06801094,255,4
52.png,1,142985,2126,0.726930306,67.2554089,255,4
52.png,2,142889,2126,0.725047067,67.21025368,255,4
52.png,3,138330,2058,0.740952367,67.21574311,255,4
52.png,4,142989,2132,0.725563896,67.06801094,255,4
53.png,1,142008,2268,0.726930306,62.61375634,255,4
53.png,2,141843,2280,0.725047067,62.21184183,255,4
53.png,3,136345,2072,0.73563217,65.80357111,255,4
53.png,4,141969,2280,0.726930306,62.26710499,255,4
53.png,5,141840,2276,0.725047067,62.31985913,255,4
54.png,2,140678,2048,0.740530289,68.69042935,255,4
55.png,2,140420,2046,0.740530289,68.63147572,255,4
56.png,2,139894,2060,0.740037937,67.90970841,255,4
57.png,3,141444,2054,0.739622628,68.86270658,255,4
58.png,3,141226,2050,0.739130421,68.89073137,255,4
59.png,2,142039,2058,0.736842091,69.01797828,255,4
6.png,1,120219,2444,1.240310045,49.18944333,255,4
6.png,2,132211,3006,1.238442792,43.98236845,255,4
6.png,7,130683,2892,1.238329208,45.18775918,255,4
60.png,1,142493,2068,0.728624522,68.90377143,255,4
61.png,1,143371,2084,0.725563896,68.79606493,255,4
61.png,3,140420,2046,0.740530289,68.63147572,255,4
62.png,1,143274,2082,0.726930306,68.81556163,255,4
62.png,3,139894,2060,0.740037937,67.90970841,255,4
63.png,1,143232,2082,0.726930306,68.79538872,255,4
63.png,2,139498,2042,0.740037937,68.31439731,255,4
64.png,2,143385,2080,0.726930306,68.93509582,255,4
64.png,3,172986,2280,0.738095226,75.8710523,255,4
65.png,1,142364,2068,0.728624522,68.84139232,255,4
66.png,2,142364,2068,0.728624522,68.84139232,255,4
67.png,3,142039,2058,0.736842091,69.01797828,255,4
68.png,3,141848,2060,0.736842091,68.85825209,255,4
69.png,4,140950,2050,0.739130421,68.75609723,255,4
70.png,1,143651,2084,0.725563896,68.93042193,255,4
71.png,1,143555,2084,0.725563896,68.88435668,255,4
71.png,2,143437,2082,0.723684197,68.89385173,255,4
72.png,1,143503,2082,0.725563896,68.92555202,255,4
72.png,2,143409,2082,0.723684197,68.88040313,255,4
73.png,1,143423,2084,0.725563896,68.82101694,255,4
73.png,2,143349,2082,0.723684197,68.85158468,255,4
74.png,1,143555,2084,0.725563896,68.88435668,255,4
74.png,2,143437,2082,0.723684197,68.89385173,255,4
75.png,1,143503,2082,0.725563896,68.92555202,255,4
75.png,2,143409,2082,0.723684197,68.88040313,255,4
76.png,4,143418,2084,0.725563896,68.81861771,255,4
76.png,5,143186,2080,0.725047067,68.83942275,255,4
80.png,1,143545,2086,0.725563896,68.81351837,255,4
82.png,2,188562,2820,1.480898843,66.86595721,255,4
83.png,2,188233,2822,1.480898843,66.70198417,255,4
85.png,1,143347,2086,0.725563896,68.71859986,255,4
85.png,3,188233,2822,1.480898843,66.70198417,255,4
93.png,1,143572,2084,0.725563896,68.89251406,255,4
94.png,1,143451,2084,0.725563896,68.83445264,255,4
94.png,5,143245,2080,0.725047067,68.86778813,255,4
95.png,1,143344,2086,0.725563896,68.7171617,255,4
95.png,6,143139,2080,0.725047067,68.81682659,255,4
96.png,1,143360,2084,0.725563896,68.79078662,255,4
96.png,5,143209,2080,0.725047067,68.85048044,255,4
97.png,1,143240,2084,0.725563896,68.73320504,255,4
98.png,1,143360,2084,0.725563896,68.79078662,255,4
99.png,1,143192,2080,0.725047067,68.84230736,255,4
99.png,2,143235,2084,0.725563896,68.73080581,255,4
