clave,object_number,area,perimeter,angle_of_inclination,texture,intensity,Cluster_Normalized,PCA_Component_1,PCA_Component_2,Cluster_PCA
10.png,1,87298,1472,0.983443676,59.30570612,255,0,0.884120179,-0.503371171,0
100.png,3,86487,1574,0.983443676,54.94726776,255,0,0.816411236,-0.465891819,0
100.png,4,56988,1030,0.980620117,55.3281548,255,0,0.298214911,-0.605759163,0
11.png,1,86647,1566,0.983443676,55.33014013,255,0,0.82360888,-0.46892571,0
12.png,1,62023,1186,1.084942043,52.29595234,255,0,0.336586369,-0.516314466,0
13.png,1,87836,1420,0.983498317,61.85633759,255,0,0.92814884,-0.523491654,0
13.png,2,60868,1140,1.077220036,53.39298199,255,0,0.332089402,-0.534064345,0
14.png,2,86662,1554,0.986754934,55.76705241,255,0,0.82875373,-0.471802769,0
14.png,4,58596,1096,1.011627868,53.46350316,255,0,0.295707095,-0.571431802,0
15.png,1,87619,1414,0.986754934,61.9653461,255,0,0.925883529,-0.524028352,0
15.png,2,60555,1124,1.077220036,53.87455468,255,0,0.3337146,-0.539463932,0
15.png,4,87496,1414,0.986754934,61.87835883,255,0,0.922586777,-0.523793272,0
16.png,1,86927,1500,0.99003319,57.95133295,255,0,0.859840724,-0.490005209,0
16.png,2,87469,1416,0.986754934,61.77189222,255,0,0.920623979,-0.522993582,0
16.png,3,59279,1060,1.03875965,55.92358438,255,0,0.34523227,-0.576761452,0
16.png,5,87025,1502,0.986754934,57.93941373,255,0,0.861562831,-0.490767394,0
17.png,1,86936,1500,0.983443676,57.95733295,255,0,0.860427997,-0.492639541,0
17.png,2,86751,1536,0.986754934,56.47851526,255,0,0.838753938,-0.478249073,0
17.png,3,58599,1096,1.011627868,53.46624039,255,0,0.295803303,-0.571439575,0
17.png,4,86957,1520,0.986754934,57.20855226,255,0,0.851246445,-0.484247765,0
17.png,5,86591,1570,0.983443676,55.15350283,255,0,0.820597524,-0.467447431,0
18.png,2,61945,1190,1.084942043,52.05462141,255,0,0.331724289,-0.514631371,0
19.png,2,61945,1190,1.084942043,52.05462141,255,0,0.331724289,-0.514631371,0
20.png,2,60454,1120,1.077220036,53.97678523,255,0,0.333457917,-0.54076348,0
21.png,3,60335,1114,1.077220036,54.16068174,255,0,0.334138175,-0.542799981,0
22.png,2,121937,2326,1.23711337,52.42347355,255,4,1.421911129,-0.168984199,0
22.png,4,58830,1096,1.011627868,53.67700681,255,0,0.303211298,-0.572038089,0
30.png,1,86585,1580,0.986754934,54.80063256,255,0,0.81632701,-0.46267209,0
30.png,2,86537,1578,0.983443676,54.83967012,255,0,0.816088917,-0.464596502,0
30.png,6,86925,1570,0.986754934,55.36624169,255,0,0.828768707,-0.466692301,0
30.png,7,86010,1654,0.986754934,52.00120888,255,0,0.776626259,-0.436676537,0
33.png,2,87724,1434,0.983498317,61.17433709,255,0,0.916699194,-0.518070176,0
34.png,3,87108,1528,0.983498317,57.00785303,255,0,0.851590756,-0.482977157,0
35.png,3,86830,1588,0.983498317,54.67884097,255,0,0.819509797,-0.461622312,0
38.png,1,87387,1432,0.986754934,61.02444091,255,0,0.908757383,-0.516883688,0
38.png,4,87393,1432,0.986754934,61.02863086,255,0,0.908916831,-0.516894979,0
47.png,2,86073,1652,0.983443676,52.10229993,255,0,0.778941162,-0.438758609,0
5.png,1,121487,2342,1.240310045,51.87318509,255,4,1.411748399,-0.162416065,0
5.png,6,105007,2078,1.236768768,50.53272353,255,0,1.102514864,-0.227036691,0
6.png,1,120219,2444,1.240310045,49.18944333,255,4,1.383066988,-0.130681705,0
6.png,3,86130,1590,0.983443676,54.16981098,255,0,0.80139523,-0.459801207,0
61.png,2,86775,1554,0.986754934,55.83976798,255,0,0.831597674,-0.471994887,0
62.png,2,86535,1586,0.986754934,54.56179032,255,0,0.81277436,-0.460526505,0
62.png,4,86623,1560,0.99003319,55.52756375,255,0,0.825102846,-0.468347683,0
7.png,1,87417,1458,0.983443676,59.95678971,255,0,0.894836899,-0.508687209,0
76.png,2,58830,1096,1.011627868,53.67700681,255,0,0.303211298,-0.572038089,0
77.png,2,61945,1190,1.084942043,52.05462141,255,0,0.331724289,-0.514631371,0
78.png,2,61450,1188,1.081081039,51.72558879,255,0,0.31820177,-0.515747829,0
79.png,2,60770,1138,1.077220036,53.40070252,255,0,0.330436352,-0.534590865,0
8.png,1,87253,1474,0.983443676,59.19470788,255,0,0.881885339,-0.502564237,0
8.png,3,87146,1478,0.986754934,58.96211056,255,0,0.876817904,-0.499606863,0
80.png,3,59964,1116,1.077220036,53.73118231,255,0,0.320908354,-0.541078639,0
86.png,1,86921,1530,0.986754934,56.81111074,255,0,0.845751033,-0.480653446,0
87.png,1,87201,1500,0.986754934,58.13399961,255,0,0.867076387,-0.491794693,0
88.png,1,61450,1188,1.081081039,51.72558879,255,0,0.31820177,-0.515747829,0
89.png,2,60454,1120,1.077220036,53.97678523,255,0,0.333457917,-0.54076348,0
9.png,1,87358,1464,0.983443676,59.67076462,255,0,0.889995421,-0.506389206,0
90.png,2,60335,1114,1.077220036,54.16068174,255,0,0.334138175,-0.542799981,0
91.png,3,60335,1114,1.077220036,54.16068174,255,0,0.334138175,-0.542799981,0
92.png,4,59964,1116,1.077220036,53.73118231,255,0,0.320908354,-0.541078639,0
93.png,3,60335,1114,1.077220036,54.16068174,255,0,0.334138175,-0.542799981,0
94.png,3,58830,1096,1.011627868,53.67700681,255,0,0.303211298,-0.572038089,0
95.png,2,86738,1564,0.986754934,55.45907893,255,0,0.826523567,-0.468456496,0
95.png,4,58306,1082,0.984496086,53.88724534,255,0,0.298513738,-0.586952039,0
96.png,3,58599,1096,1.011627868,53.46624039,255,0,0.295803303,-0.571439575,0
97.png,5,58259,1080,0.980620117,53.94351802,255,0,0.298757099,-0.589157502,0
98.png,3,58599,1096,1.011627868,53.46624039,255,0,0.295803303,-0.571439575,0
99.png,3,57840,1080,0.980620117,53.55555506,255,0,0.285174725,-0.588053124,0
10.png,4,10992,458,0.94017086,23.99999948,255,1,-1.188551633,-0.669075213,1
11.png,4,11771,514,1.170940071,22.90077776,255,1,-1.194377897,-0.560559386,1
11.png,6,10954,458,0.94017086,23.91703005,255,1,-1.191009842,-0.66881676,1
18.png,1,12957,500,0.937499927,25.91399948,255,1,-1.101213713,-0.66599733,1
19.png,1,12869,496,0.9370078,25.94556399,255,1,-1.103145038,-0.667252718,1
19.png,4,12936,498,0.944881815,25.97590309,255,1,-1.101208084,-0.663736921,1
20.png,1,12833,496,0.9370078,25.87298335,255,1,-1.105319312,-0.667027817,1
20.png,5,12893,498,0.944881815,25.88955771,255,1,-1.103796198,-0.663469442,1
21.png,1,12822,496,0.9370078,25.85080593,255,1,-1.105983674,-0.666959097,1
21.png,6,12883,498,0.944881815,25.86947739,255,1,-1.104398085,-0.663407238,1
22.png,1,12795,496,0.9370078,25.79637045,255,1,-1.10761438,-0.666790421,1
22.png,7,12856,498,0.944881815,25.81526053,255,1,-1.10602318,-0.663239286,1
23.png,5,13144,504,0.937984423,26.07936456,255,1,-1.093371176,-0.665354617,1
24.png,3,12964,500,0.937499927,25.92799948,255,1,-1.100793835,-0.666040687,1
25.png,2,11384,464,0.932773031,24.53448223,255,1,-1.168033486,-0.672240193,1
25.png,4,13085,500,0.937499927,26.16999948,255,1,-1.093535947,-0.666790141,1
26.png,1,13035,500,0.937499927,26.06999948,255,1,-1.096535074,-0.666480449,1
26.png,6,6777,354,0.966292026,19.14406726,255,1,-1.403229201,-0.668278601,1
26.png,7,12916,498,0.944881815,25.93574245,255,1,-1.102411858,-0.663612512,1
27.png,1,12959,498,0.944881815,26.02208783,255,1,-1.099823744,-0.663879991,1
27.png,2,12910,496,0.9370078,26.02822528,255,1,-1.100668781,-0.667508856,1
27.png,7,13082,502,0.930232486,26.05976044,255,1,-1.094995938,-0.668855311,1
27.png,9,12879,498,0.929687427,25.86144526,255,1,-1.103819314,-0.669419839,1
28.png,1,13011,500,0.937499927,26.02199948,255,1,-1.097974655,-0.666331797,1
28.png,2,12979,500,0.937499927,25.95799948,255,1,-1.099894097,-0.666133594,1
28.png,7,13117,504,0.937984423,26.02579313,255,1,-1.094979706,-0.665188803,1
28.png,9,13014,502,0.945312426,25.92430227,255,1,-1.099874199,-0.662443918,1
28.png,10,12874,498,0.944881815,25.8514051,255,1,-1.104939784,-0.663351254,1
29.png,2,12944,500,0.937499927,25.88799948,255,1,-1.101993486,-0.66591681,1
29.png,3,12875,500,0.937499927,25.74999949,255,1,-1.106132282,-0.665489436,1
29.png,5,12920,500,0.937499927,25.83999948,255,1,-1.103433068,-0.665768158,1
29.png,6,12888,496,0.9370078,25.98387044,255,1,-1.101997504,-0.667371416,1
29.png,7,12950,500,0.95275583,25.89999948,255,1,-1.102456435,-0.659892047,1
29.png,8,12782,496,0.9370078,25.77016077,255,1,-1.108399534,-0.666709207,1
29.png,10,12878,498,0.929687427,25.85943723,255,1,-1.103879503,-0.669413619,1
29.png,11,12797,496,0.9370078,25.80040271,255,1,-1.107493587,-0.666802916,1
29.png,12,12771,496,0.9370078,25.74798335,255,1,-1.109063896,-0.666640487,1
3.png,3,11756,514,1.170940071,22.87159489,255,1,-1.195256664,-0.560469185,1
30.png,3,12881,498,0.929687427,25.86546133,255,1,-1.103698936,-0.66943228,1
30.png,4,12833,498,0.944881815,25.76907579,255,1,-1.10740752,-0.663096216,1
30.png,8,12903,496,0.9370078,26.01411238,255,1,-1.101091557,-0.667465125,1
30.png,10,12841,496,0.9370078,25.88911238,255,1,-1.10483614,-0.667077795,1
30.png,11,12752,496,0.9370078,25.7096769,255,1,-1.110211429,-0.666521789,1
31.png,6,13117,504,0.937984423,26.02579313,255,1,-1.094979706,-0.665188803,1
32.png,6,13104,504,0.937984423,25.99999948,255,1,-1.095754183,-0.665108967,1
33.png,5,13059,504,0.937984423,25.91071377,255,1,-1.098435065,-0.664832611,1
34.png,5,12977,502,0.945312426,25.85059709,255,1,-1.102085987,-0.662215723,1
35.png,5,12896,496,0.9370078,25.99999948,255,1,-1.101514332,-0.667421394,1
4.png,4,11674,510,1.172413692,22.89019563,255,1,-1.19757482,-0.56089795,1
40.png,1,12922,500,0.937499927,25.84399948,255,1,-1.103313102,-0.665780546,1
46.png,2,12748,494,0.944444369,25.80566749,255,1,-1.109186814,-0.664345236,1
47.png,3,12733,494,0.944444369,25.77530312,255,1,-1.110095904,-0.664251121,1
5.png,4,11685,510,1.172413692,22.91176426,255,1,-1.196926083,-0.560964653,1
50.png,2,37972,1384,0.116968697,27.43641599,255,1,-0.357994822,-0.783559328,1
50.png,3,10946,458,0.94017086,23.8995628,255,1,-1.19152736,-0.668762349,1
50.png,4,10930,456,0.94827578,23.96929772,255,1,-1.191316476,-0.666238428,1
50.png,5,10969,458,0.94017086,23.94978114,255,1,-1.190039496,-0.668918781,1
56.png,3,12792,496,0.9370078,25.79032206,255,1,-1.107795569,-0.666771679,1
56.png,4,12740,494,0.944444369,25.78947316,255,1,-1.109671662,-0.664295041,1
57.png,2,12836,498,0.944881815,25.77509988,255,1,-1.107226954,-0.663114877,1
57.png,4,12877,498,0.944881815,25.8574292,255,1,-1.104759218,-0.663369915,1
57.png,5,12838,498,0.944881815,25.77911595,255,1,-1.107106577,-0.663127318,1
58.png,2,12806,496,0.9370078,25.81854787,255,1,-1.106950018,-0.666859141,1
58.png,4,12850,496,0.9370078,25.90725754,255,1,-1.104292572,-0.66713402,1
58.png,5,12869,498,0.944881815,25.84136494,255,1,-1.105240727,-0.663320152,1
58.png,6,12832,498,0.944881815,25.76706776,255,1,-1.107467709,-0.663089996,1
58.png,8,12853,498,0.944881815,25.80923643,255,1,-1.106203746,-0.663220625,1
6.png,6,11476,500,1.19469016,22.95199954,255,1,-1.203919717,-0.554629845,1
60.png,2,12863,498,0.944881815,25.82931675,255,1,-1.105601859,-0.663282829,1
66.png,1,12909,500,0.937499927,25.81799948,255,1,-1.104092876,-0.665700026,1
67.png,1,12875,498,0.944881815,25.85341314,255,1,-1.104879595,-0.663357474,1
67.png,2,12898,500,0.937499927,25.79599948,255,1,-1.104752684,-0.665631894,1
68.png,1,12867,498,0.944881815,25.83734888,255,1,-1.105361105,-0.663307711,1
68.png,2,12869,498,0.944881815,25.84136494,255,1,-1.105240727,-0.663320152,1
69.png,1,12837,498,0.944881815,25.77710792,255,1,-1.107166766,-0.663121098,1
69.png,2,12840,498,0.944881815,25.78313201,255,1,-1.106986199,-0.663139759,1
70.png,2,12860,496,0.9370078,25.92741883,255,1,-1.103688607,-0.667196493,1
70.png,3,12964,500,0.937499927,25.92799948,255,1,-1.100793835,-0.666040687,1
70.png,6,12802,496,0.952380877,25.81048335,255,1,-1.108020768,-0.660725667,1
70.png,7,12872,498,0.944881815,25.84738904,255,1,-1.105060161,-0.663338813,1
70.png,8,12865,498,0.944881815,25.83333281,255,1,-1.105481482,-0.66329527,1
74.png,5,12859,496,0.9370078,25.9254027,255,1,-1.103749003,-0.667190246,1
75.png,5,12852,496,0.9370078,25.9112898,255,1,-1.104171779,-0.667146515,1
75.png,6,12798,496,0.9370078,25.80241883,255,1,-1.10743319,-0.666809163,1
76.png,1,12828,498,0.944881815,25.75903563,255,1,-1.107708464,-0.663065114,1
77.png,1,12953,500,0.937499927,25.90599948,255,1,-1.101453643,-0.665972555,1
78.png,1,12944,500,0.937499927,25.88799948,255,1,-1.101993486,-0.66591681,1
79.png,1,12923,500,0.937499927,25.84599948,255,1,-1.10325312,-0.66578674,1
80.png,2,12846,496,0.9370078,25.89919303,255,1,-1.104534158,-0.667109031,1
82.png,3,11886,520,1.177966002,22.85769187,255,1,-1.191857775,-0.556199324,1
82.png,4,12824,496,0.9370078,25.85483819,255,1,-1.105862881,-0.666971592,1
83.png,3,11833,516,1.179487079,22.9321701,255,1,-1.192493471,-0.556781822,1
83.png,4,12820,496,0.9370078,25.84677367,255,1,-1.106104467,-0.666946603,1
84.png,1,12858,498,0.944881815,25.81927659,255,1,-1.105902803,-0.663251727,1
84.png,2,12862,498,0.944881815,25.82730872,255,1,-1.105662048,-0.663276609,1
85.png,2,12793,496,0.9370078,25.79233819,255,1,-1.107735173,-0.666777927,1
85.png,4,11833,516,1.179487079,22.9321701,255,1,-1.192493471,-0.556781822,1
86.png,2,12815,496,0.9370078,25.83669303,255,1,-1.106406449,-0.666915366,1
87.png,2,12850,498,0.944881815,25.80321233,255,1,-1.106384313,-0.663201963,1
9.png,3,11000,458,0.94017086,24.01746672,255,1,-1.188034115,-0.669129624,1
90.png,3,12876,498,0.944881815,25.85542117,255,1,-1.104819406,-0.663363695,1
91.png,2,12879,498,0.944881815,25.86144526,255,1,-1.10463884,-0.663382356,1
91.png,4,12891,498,0.944881815,25.88554165,255,1,-1.103916576,-0.663457001,1
92.png,2,12915,500,0.937499927,25.82999948,255,1,-1.10373298,-0.665737189,1
92.png,3,12870,498,0.944881815,25.84337298,255,1,-1.105180539,-0.663326372,1
92.png,5,12790,496,0.9370078,25.7862898,255,1,-1.107916362,-0.666759185,1
92.png,6,12884,498,0.944881815,25.87148542,255,1,-1.104337897,-0.663413458,1
93.png,2,12879,498,0.944881815,25.86144526,255,1,-1.10463884,-0.663382356,1
93.png,4,12876,498,0.944881815,25.85542117,255,1,-1.104819406,-0.663363695,1
94.png,2,12844,498,0.944881815,25.79116414,255,1,-1.106745445,-0.663164641,1
94.png,4,12845,498,0.944881815,25.79317217,255,1,-1.106685256,-0.663170861,1
95.png,3,12819,498,0.944881815,25.74096334,255,1,-1.108250162,-0.66300913,1
95.png,5,12819,498,0.944881815,25.74096334,255,1,-1.108250162,-0.66300913,1
10.png,2,38167,1388,7.14117563,27.49783842,255,2,-0.731583168,2.008304089,2
11.png,2,38016,1388,7.14117563,27.38904879,255,2,-0.73568174,2.008599309,2
21.png,2,38314,1388,7.14117563,27.6037462,255,2,-0.727593167,2.008016688,2
22.png,3,38194,1386,7.129410926,27.55699836,255,2,-0.730199965,2.002986412,2
31.png,1,38379,1390,7.058138714,27.61079117,255,2,-0.721367984,1.975485372,2
32.png,1,38354,1390,7.058138714,27.59280556,255,2,-0.722045891,1.975534163,2
32.png,8,38316,1388,7.14117563,27.60518712,255,2,-0.727538882,2.008012778,2
33.png,1,38175,1386,7.226189616,27.54328984,255,2,-0.735936054,2.041478593,2
33.png,7,38275,1388,7.14117563,27.57564822,255,2,-0.728651739,2.008092937,2
34.png,1,38065,1386,7.226189616,27.46392477,255,2,-0.738924704,2.041694033,2
34.png,7,38147,1388,7.14117563,27.4834292,255,2,-0.732126025,2.008343191,2
35.png,1,37930,1388,7.14117563,27.32708914,255,2,-0.738016026,2.008767448,2
35.png,6,38039,1388,7.14117563,27.4056194,255,2,-0.735057454,2.008554342,2
36.png,2,34576,1342,7.158535712,25.76453036,255,2,-0.83115068,2.008845326,2
37.png,1,38598,1388,7.14117563,27.80835715,255,2,-0.719884595,2.007461439,2
37.png,2,34535,1342,7.158535712,25.73397894,255,2,-0.832289523,2.008928839,2
38.png,2,38408,1392,7.14117563,27.59195382,255,2,-0.72507593,2.009013621,2
38.png,3,34456,1342,7.158535712,25.67511158,255,2,-0.834483881,2.009089756,2
39.png,1,38437,1390,7.058138714,27.65251779,255,2,-0.719795241,1.975372175,2
39.png,2,34524,1342,7.158535712,25.72578222,255,2,-0.832595067,2.008951246,2
39.png,4,38350,1388,7.14117563,27.6296828,255,2,-0.726616025,2.007946305,2
40.png,2,38422,1390,7.058138714,27.64172642,255,2,-0.720201985,1.97540145,2
40.png,3,34513,1342,7.158535712,25.7175855,255,2,-0.83290061,2.008973652,2
40.png,5,38330,1388,7.14117563,27.61527358,255,2,-0.727158882,2.007985407,2
41.png,1,38152,1386,7.226189616,27.52669533,255,2,-0.736560954,2.041523639,2
41.png,2,38397,1390,7.058138714,27.62374081,255,2,-0.720879892,1.975450241,2
41.png,3,34501,1342,7.158535712,25.70864362,255,2,-0.83323393,2.008998094,2
41.png,5,38272,1386,7.129410926,27.61327541,255,2,-0.728080741,2.002833645,2
42.png,1,38247,1388,7.14117563,27.55547531,255,2,-0.729411739,2.00814768,2
42.png,2,38366,1388,7.14117563,27.64121018,255,2,-0.726181739,2.007915023,2
42.png,3,34485,1342,7.158535712,25.69672112,255,2,-0.833678357,2.009030685,2
42.png,4,38478,1402,7.211763857,27.44507826,255,2,-0.727030642,2.039871835,2
42.png,5,38286,1388,7.14117563,27.58357329,255,2,-0.728353168,2.008071431,2
43.png,2,34472,1342,7.158535712,25.68703409,255,2,-0.834039454,2.009057165,2
44.png,2,34372,1342,7.158535712,25.61251844,255,2,-0.836817121,2.009260856,2
45.png,2,34315,1342,7.158535712,25.57004452,255,2,-0.838400391,2.00937696,2
46.png,3,34307,1342,7.158535712,25.56408327,255,2,-0.838622605,2.009393255,2
47.png,4,34293,1342,7.158535712,25.55365108,255,2,-0.839011478,2.009421772,2
55.png,3,37984,1386,7.129410926,27.40548321,255,2,-0.735905569,2.003397707,2
56.png,5,37970,1388,7.129410926,27.35590758,255,2,-0.736295769,2.004014544,2
56.png,6,37920,1386,7.129410926,27.35930716,255,2,-0.73764442,2.003523054,2
57.png,1,38056,1386,7.129410926,27.45743126,255,2,-0.733949362,2.003256691,2
57.png,6,38145,1386,7.129410926,27.52164482,255,2,-0.731531273,2.00308238,2
58.png,1,51105,1850,5.287769404,27.62432418,255,2,-0.284668919,1.382966759,2
58.png,7,38123,1386,7.129410926,27.50577181,255,2,-0.732129003,2.003125469,2
59.png,1,38107,1386,7.129410926,27.4942278,255,2,-0.732563715,2.003156805,2
59.png,3,38169,1386,7.129410926,27.53896084,255,2,-0.730879204,2.003035375,2
64.png,1,37919,1384,7.214284855,27.39812119,255,2,-0.742237971,2.03666001,2
64.png,4,38095,1386,7.129410926,27.48556979,255,2,-0.73288975,2.003180308,2
65.png,2,38272,1388,7.14117563,27.57348683,255,2,-0.728733168,2.008098803,2
66.png,3,38272,1388,7.14117563,27.57348683,255,2,-0.728733168,2.008098803,2
67.png,4,38256,1388,7.14117563,27.56195946,255,2,-0.729167453,2.008130084,2
68.png,4,38220,1388,7.14117563,27.53602286,255,2,-0.730144596,2.008200468,2
68.png,5,38004,1386,7.226189616,27.41991322,255,2,-0.740582046,2.041813504,2
69.png,3,38065,1388,7.14117563,27.42435139,255,2,-0.73435174,2.008503509,2
69.png,5,38126,1388,7.14117563,27.46829951,255,2,-0.732696025,2.008384248,2
69.png,6,38068,1388,7.14117563,27.42651277,255,2,-0.734270311,2.008497644,2
69.png,7,37942,1386,7.226189616,27.37518018,255,2,-0.742266558,2.041934934,2
70.png,4,34456,1342,7.158535712,25.67511158,255,2,-0.834483881,2.009089756,2
71.png,3,34423,1342,7.158535712,25.65052142,255,2,-0.835400511,2.009156974,2
72.png,3,34414,1342,7.158535712,25.64381501,255,2,-0.835650501,2.009175306,2
72.png,4,38196,1386,7.129410926,27.55844136,255,2,-0.730145626,2.002982495,2
73.png,3,34385,1342,7.158535712,25.62220547,255,2,-0.836456024,2.009234376,2
73.png,4,38168,1386,7.129410926,27.53823934,255,2,-0.730906373,2.003037334,2
73.png,5,38082,1386,7.129410926,27.47619028,255,2,-0.733242954,2.003205769,2
74.png,3,34423,1342,7.158535712,25.65052142,255,2,-0.835400511,2.009156974,2
75.png,3,34414,1342,7.158535712,25.64381501,255,2,-0.835650501,2.009175306,2
78.png,4,38293,1388,7.14117563,27.58861652,255,2,-0.728163168,2.008057745,2
79.png,4,38198,1388,7.14117563,27.52017271,255,2,-0.730741739,2.00824348,2
79.png,5,38110,1388,7.14117563,27.45677214,255,2,-0.733130311,2.008415529,2
80.png,5,38065,1388,7.14117563,27.42435139,255,2,-0.73435174,2.008503509,2
80.png,6,37944,1386,7.226189616,27.37662318,255,2,-0.742212218,2.041931017,2
81.png,3,38062,1388,7.14117563,27.42219,255,2,-0.734433168,2.008509374,2
82.png,5,37897,1384,7.214284855,27.38222524,255,2,-0.742836289,2.036703174,2
83.png,5,37894,1384,7.214284855,27.38005761,255,2,-0.742917878,2.03670906,2
83.png,6,37882,1384,7.214284855,27.37138709,255,2,-0.743244234,2.036732604,2
84.png,4,37992,1384,7.214284855,27.45086685,255,2,-0.740252641,2.036516784,2
84.png,5,38011,1386,7.226189616,27.42496373,255,2,-0.740391859,2.041799794,2
85.png,5,37894,1384,7.214284855,27.38005761,255,2,-0.742917878,2.03670906,2
85.png,6,37882,1384,7.214284855,27.37138709,255,2,-0.743244234,2.036732604,2
86.png,4,37924,1384,7.214284855,27.40173391,255,2,-0.742101989,2.0366502,2
86.png,5,37921,1384,7.214284855,27.39956628,255,2,-0.742183578,2.036656086,2
87.png,4,37986,1386,7.226189616,27.40692621,255,2,-0.741071098,2.041848758,2
88.png,3,38161,1386,7.226189616,27.53318883,255,2,-0.736316428,2.041506012,2
89.png,4,38067,1384,7.214284855,27.5050576,255,2,-0.738212918,2.036369634,2
90.png,4,38041,1384,7.214284855,27.48627148,255,2,-0.738920022,2.036420646,2
91.png,5,38041,1384,7.214284855,27.48627148,255,2,-0.738920022,2.036420646,2
92.png,7,38023,1384,7.214284855,27.4732657,255,2,-0.739409555,2.036455962,2
93.png,5,38041,1384,7.214284855,27.48627148,255,2,-0.738920022,2.036420646,2
96.png,2,38197,1388,7.14117563,27.51945225,255,2,-0.730768882,2.008245435,2
97.png,2,37875,1386,7.226189616,27.32683963,255,2,-0.744086917,2.042066157,2
97.png,3,38042,1384,7.214284855,27.48699402,255,2,-0.738892826,2.036418684,2
97.png,4,38130,1386,7.129410926,27.51082231,255,2,-0.731938816,2.003111759,2
98.png,2,38197,1388,7.14117563,27.51945225,255,2,-0.730768882,2.008245435,2
1.png,1,204801,3162,1.224489773,64.76944951,255,3,2.875776836,0.012578456,3
10.png,3,202395,3258,1.222634486,62.12246758,255,3,2.835283018,0.04158677,3
100.png,1,142697,2196,0.725047067,64.98041865,255,4,1.886209109,-0.43490382,3
100.png,2,142729,2192,0.723684197,65.11359459,255,4,1.887970877,-0.436790018,3
100.png,6,191156,3880,1.240480937,49.26701018,255,3,2.719167824,0.229054129,3
11.png,3,187331,2850,1.480898843,65.73017521,255,4,2.578938424,0.032190987,3
11.png,5,143207,2080,0.723684197,68.8495189,255,4,1.931805208,-0.474644131,3
14.png,1,132004,2852,1.235294087,46.28471232,255,4,1.615424371,-0.024401644,3
14.png,3,132630,2764,1.237745068,47.98480446,255,4,1.620196456,-0.048970088,3
14.png,6,132204,2842,1.235294087,46.51794495,255,4,1.618124255,-0.027381211,3
2.png,1,247406,4526,1.240350855,54.66327871,255,3,3.668414714,0.383545876,3
2.png,2,201466,3300,1.222634486,61.05030285,255,3,2.820797187,0.054369257,3
20.png,4,143360,2082,0.726930306,68.85686807,255,4,1.934145806,-0.472853956,3
21.png,5,143342,2082,0.726930306,68.84822253,255,4,1.93376818,-0.472833084,3
22.png,6,143202,2080,0.725047067,68.84711505,255,4,1.931626745,-0.474096789,3
24.png,1,245669,4610,1.239929926,53.29045542,255,3,3.660313556,0.406440045,3
24.png,5,241827,4389,1.309259235,55.09842776,255,3,3.558870485,0.375659823,3
29.png,1,259085,5104,1.009999986,50.76116761,255,3,3.971691151,0.44253275,3
3.png,1,195646,3920,1.237623738,49.90969375,255,3,2.794730238,0.236900545,3
3.png,2,186932,2858,1.480898843,65.4065778,255,4,2.571194249,0.034925374,3
3.png,4,191917,3878,1.237999975,49.48865382,255,3,2.730571083,0.227203854,3
34.png,2,143597,2086,0.725563896,68.83844646,255,4,1.937803844,-0.472316292,3
35.png,2,143466,2086,0.725563896,68.77564684,255,4,1.935058658,-0.472164791,3
35.png,8,154972,3372,1.234899301,45.95848148,255,3,2.066650958,0.105683466,3
4.png,1,164304,3486,1.241830038,47.13252999,255,3,2.234338351,0.134718565,3
4.png,2,155511,3306,1.239910286,47.03901982,255,3,2.06566753,0.08919224,3
4.png,3,185414,2924,1.480898843,63.41108049,255,4,2.539954398,0.056016192,3
4.png,5,182930,3760,1.240246381,48.65159562,255,3,2.572016007,0.199930532,3
43.png,1,247994,4522,1.239929926,54.84166286,255,3,3.676096493,0.382124147,3
44.png,1,245676,4608,1.240350855,53.31510405,255,3,3.65998073,0.406070018,3
44.png,4,245851,4533,1.243432553,54.23582604,255,3,3.647335441,0.387120597,3
45.png,1,244125,4764,1.242530734,51.24370266,255,3,3.671538187,0.448903473,3
45.png,4,142603,2234,0.725563896,63.83303463,255,4,1.874982736,-0.422223735,3
45.png,5,244658,4634,1.247368399,52.79628819,255,3,3.650521809,0.416100234,3
46.png,1,243605,4798,1.242530734,50.77219664,255,3,3.671993901,0.458038069,3
46.png,5,142425,2252,0.725563896,63.24378302,255,4,1.867349079,-0.416220689,3
46.png,6,243895,4786,1.247368399,50.96009183,255,3,3.673044646,0.456711126,3
47.png,1,241305,5150,1.242530734,46.85533971,255,3,3.728147856,0.550743262,3
47.png,6,142136,2280,0.725563896,62.3403506,255,4,1.855708014,-0.40693151,3
47.png,7,241489,5117,1.247368399,47.19347265,255,3,3.721602726,0.544057054,3
48.png,1,142608,2068,0.728624522,68.95938071,255,4,1.923156005,-0.476055443,3
49.png,1,143456,2084,0.725563896,68.83685188,255,4,1.935539681,-0.47283051,3
49.png,2,141226,2050,0.739130421,68.89073137,255,4,1.899840632,-0.476377792,3
5.png,2,134161,2922,1.235436863,45.91409977,255,4,1.659682758,-0.006133538,3
5.png,3,186009,2900,1.480898843,64.14103426,255,4,2.551797214,0.048351056,3
5.png,5,132300,2756,1.238329208,48.00435396,255,4,1.613798319,-0.050779759,3
50.png,1,143203,2082,0.726930306,68.7814598,255,4,1.930852063,-0.472671907,3
50.png,6,139266,2044,0.741444853,68.13405055,255,4,1.860327492,-0.475173319,3
50.png,7,143213,2082,0.726930306,68.78626288,255,4,1.931061856,-0.472683503,3
51.png,1,142985,2126,0.726930306,67.2554089,255,4,1.911872031,-0.457620338,3
51.png,2,142889,2126,0.725047067,67.21025368,255,4,1.909984089,-0.458260487,3
51.png,3,138330,2058,0.740952367,67.21574311,255,4,1.835710247,-0.469520328,3
51.png,4,142989,2132,0.725563896,67.06801094,255,4,1.910180621,-0.456164811,3
52.png,1,142985,2126,0.726930306,67.2554089,255,4,1.911872031,-0.457620338,3
52.png,2,142889,2126,0.725047067,67.21025368,255,4,1.909984089,-0.458260487,3
52.png,3,138330,2058,0.740952367,67.21574311,255,4,1.835710247,-0.469520328,3
52.png,4,142989,2132,0.725563896,67.06801094,255,4,1.910180621,-0.456164811,3
53.png,1,142008,2268,0.726930306,62.61375634,255,4,1.855524082,-0.41010142,3
53.png,2,141843,2280,0.725047067,62.21184183,255,4,1.849902631,-0.40683761,3
53.png,3,136345,2072,0.73563217,65.80357111,255,4,1.789602239,-0.464602314,3
53.png,4,141969,2280,0.726930306,62.26710499,255,4,1.852309557,-0.406217998,3
53.png,5,141840,2276,0.725047067,62.31985913,255,4,1.850642367,-0.408114034,3
54.png,1,247323,4538,1.238178612,54.5004406,255,3,3.669654275,0.38593825,3
54.png,2,140678,2048,0.740530289,68.69042935,255,4,1.888879707,-0.475853163,3
55.png,1,246744,4582,1.238178612,53.85072009,255,3,3.670042097,0.397931005,3
55.png,2,140420,2046,0.740530289,68.63147572,255,4,1.88413112,-0.476227862,3
56.png,1,246030,4592,1.238178612,53.57796156,255,3,3.661880621,0.400819684,3
56.png,2,139894,2060,0.740037937,67.90970841,255,4,1.868105459,-0.471048953,3
57.png,3,141444,2054,0.739622628,68.86270658,255,4,1.902987566,-0.475077994,3
58.png,3,141226,2050,0.739130421,68.89073137,255,4,1.899840632,-0.476377792,3
59.png,2,142039,2058,0.736842091,69.01797828,255,4,1.914277191,-0.475523124,3
6.png,2,132211,3006,1.238442792,43.98236845,255,4,1.635209366,0.019881862,3
6.png,4,180940,3046,1.478651652,59.40249488,255,3,2.459686287,0.094449338,3
6.png,5,189547,3616,0.720610676,52.41897109,255,3,2.681746768,-0.049193793,3
6.png,7,130683,2892,1.238329208,45.18775918,255,4,1.595743737,-0.010958861,3
60.png,1,142493,2068,0.728624522,68.90377143,255,4,1.920733793,-0.475920857,3
61.png,1,143371,2084,0.725563896,68.79606493,255,4,1.93375745,-0.472732079,3
61.png,3,140420,2046,0.740530289,68.63147572,255,4,1.88413112,-0.476227862,3
62.png,1,143274,2082,0.726930306,68.81556163,255,4,1.932341591,-0.472754235,3
62.png,3,139894,2060,0.740037937,67.90970841,255,4,1.868105459,-0.471048953,3
63.png,1,143232,2082,0.726930306,68.79538872,255,4,1.931460462,-0.472705534,3
63.png,2,139498,2042,0.740037937,68.31439731,255,4,1.866035995,-0.476688318,3
63.png,3,245855,4586,1.240350855,53.60989958,255,3,3.658059149,0.400125548,3
64.png,2,143385,2080,0.726930306,68.93509582,255,4,1.935366543,-0.473560962,3
64.png,3,172986,2280,0.738095226,75.8710523,255,4,2.469216545,-0.433461491,3
65.png,1,142364,2068,0.728624522,68.84139232,255,4,1.918016704,-0.475769886,3
66.png,2,142364,2068,0.728624522,68.84139232,255,4,1.918016704,-0.475769886,3
67.png,3,142039,2058,0.736842091,69.01797828,255,4,1.914277191,-0.475523124,3
68.png,3,141848,2060,0.736842091,68.85825209,255,4,1.909528537,-0.474617779,3
69.png,4,140950,2050,0.739130421,68.75609723,255,4,1.893997249,-0.476050902,3
7.png,2,203368,3194,1.222634486,63.67188458,255,3,2.851362041,0.022197128,3
70.png,1,143651,2084,0.725563896,68.93042193,255,4,1.939628328,-0.473056324,3
71.png,1,143555,2084,0.725563896,68.88435668,255,4,1.937615456,-0.472945154,3
71.png,2,143437,2082,0.723684197,68.89385173,255,4,1.935936292,-0.474233081,3
72.png,1,143503,2082,0.725563896,68.92555202,255,4,1.937219539,-0.473562714,3
72.png,2,143409,2082,0.723684197,68.88040313,255,4,1.935348872,-0.474200614,3
73.png,1,143423,2084,0.725563896,68.82101694,255,4,1.934847756,-0.472792296,3
73.png,2,143349,2082,0.723684197,68.85158468,255,4,1.934090117,-0.474131041,3
74.png,1,143555,2084,0.725563896,68.88435668,255,4,1.937615456,-0.472945154,3
74.png,2,143437,2082,0.723684197,68.89385173,255,4,1.935936292,-0.474233081,3
75.png,1,143503,2082,0.725563896,68.92555202,255,4,1.937219539,-0.473562714,3
75.png,2,143409,2082,0.723684197,68.88040313,255,4,1.935348872,-0.474200614,3
76.png,4,143418,2084,0.725563896,68.81861771,255,4,1.934742919,-0.472786506,3
76.png,5,143186,2080,0.725047067,68.83942275,255,4,1.931290887,-0.474078212,3
8.png,2,202006,3276,1.222634486,61.66239297,255,3,2.829139141,0.047070831,3
80.png,1,143545,2086,0.725563896,68.81351837,255,4,1.936714152,-0.472256154,3
81.png,1,193121,3774,1.237999975,51.17143601,255,3,2.73200558,0.198299101,3
81.png,2,201463,3300,1.222634486,61.04939375,255,3,2.820747899,0.054370974,3
82.png,1,192599,3822,1.240480937,50.3922029,255,3,2.731435382,0.212648601,3
82.png,2,188562,2820,1.480898843,66.86595721,255,4,2.603689724,0.02207999,3
83.png,1,192452,3836,1.240480937,50.16996859,255,3,2.731482931,0.216531907,3
83.png,2,188233,2822,1.480898843,66.70198417,255,4,2.597638092,0.022939848,3
84.png,3,202879,3204,1.222634486,63.32053663,255,3,2.843130257,0.025443252,3
85.png,1,143347,2086,0.725563896,68.71859986,255,4,1.93256494,-0.472027168,3
85.png,3,188233,2822,1.480898843,66.70198417,255,4,2.597638092,0.022939848,3
86.png,3,201463,3300,1.222634486,61.04939375,255,3,2.820747899,0.054370974,3
87.png,3,202395,3258,1.222634486,62.12246758,255,3,2.835283018,0.04158677,3
89.png,1,193633,3738,1.240480937,51.80123047,255,3,2.73440605,0.18916385,3
9.png,2,202879,3204,1.222634486,63.32053663,255,3,2.843130257,0.025443252,3
90.png,1,193404,3758,1.240480937,51.4646087,255,3,2.733818248,0.19476665,3
91.png,1,193404,3758,1.240480937,51.4646087,255,3,2.733818248,0.19476665,3
92.png,1,193255,3762,1.240480937,51.37028163,255,3,2.732114765,0.195932124,3
93.png,1,143572,2084,0.725563896,68.89251406,255,4,1.937971902,-0.472964841,3
94.png,1,143451,2084,0.725563896,68.83445264,255,4,1.935434844,-0.47282472,3
94.png,5,143245,2080,0.725047067,68.86778813,255,4,1.932529363,-0.474146716,3
95.png,1,143344,2086,0.725563896,68.7171617,255,4,1.932502073,-0.472023698,3
95.png,6,143139,2080,0.725047067,68.81682659,255,4,1.930304305,-0.474023641,3
96.png,1,143360,2084,0.725563896,68.79078662,255,4,1.933526808,-0.47271934,3
96.png,5,143209,2080,0.725047067,68.85048044,255,4,1.931773683,-0.474104917,3
97.png,1,143240,2084,0.725563896,68.73320504,255,4,1.931010717,-0.472580378,3
97.png,7,191665,3870,1.240480937,49.52583967,255,3,2.725198139,0.226123122,3
98.png,1,143360,2084,0.725563896,68.79078662,255,4,1.933526808,-0.47271934,3
98.png,5,192111,3856,1.240480937,49.8213173,255,3,2.72961736,0.222126221,3
99.png,1,143192,2080,0.725047067,68.84230736,255,4,1.931416834,-0.474085178,3
99.png,2,143235,2084,0.725563896,68.73080581,255,4,1.93090588,-0.472574588,3
99.png,5,191479,3866,1.240480937,49.52897038,255,3,2.72166261,0.225115179,3
100.png,5,361,76,0.999999444,4.749999375,255,1,-1.969444865,-0.673723068,4
12.png,2,440,84,0.904761474,5.238094615,255,1,-1.947084298,-0.71131405,4
13.png,3,440,84,0.904761474,5.238094615,255,1,-1.947084298,-0.71131405,4
14.png,5,400,80,0.999999474,4.999999375,255,1,-1.960684524,-0.673617099,4
15.png,3,419,82,0.949999525,5.109755474,255,1,-1.954003113,-0.693381295,4
16.png,4,419,82,0.949999525,5.109755474,255,1,-1.954003113,-0.693381295,4
18.png,3,440,84,0.904761474,5.238094615,255,1,-1.947084298,-0.71131405,4
19.png,3,440,84,0.904761474,5.238094615,255,1,-1.947084298,-0.71131405,4
20.png,3,419,82,0.949999525,5.109755474,255,1,-1.954003113,-0.693381295,4
21.png,4,419,82,0.949999525,5.109755474,255,1,-1.954003113,-0.693381295,4
22.png,5,400,80,0.999999474,4.999999375,255,1,-1.960684524,-0.673617099,4
23.png,1,399,80,0.999999474,4.987499377,255,1,-1.961013991,-0.673576122,4
23.png,2,361,76,0.999999444,4.749999375,255,1,-1.969444865,-0.673723068,4
23.png,3,512,92,1.1999994,5.565216786,255,1,-1.949976468,-0.593219378,4
23.png,4,361,76,0.999999444,4.749999375,255,1,-1.969444865,-0.673723068,4
23.png,6,500,90,1.047618549,5.555554938,255,1,-1.943112733,-0.654199662,4
24.png,2,399,80,1.111110494,4.987499377,255,1,-1.967006889,-0.629426209,4
24.png,4,479,88,0.999999524,5.4431812,255,1,-1.944613441,-0.673216513,4
25.png,1,399,80,0.999999474,4.987499377,255,1,-1.961013991,-0.673576122,4
25.png,3,511,92,1.1999994,5.554347222,255,1,-1.95026409,-0.593183802,4
25.png,5,500,90,1.047618549,5.555554938,255,1,-1.943112733,-0.654199662,4
26.png,2,399,80,0.999999474,4.987499377,255,1,-1.961013991,-0.673576122,4
26.png,3,361,76,0.999999444,4.749999375,255,1,-1.969444865,-0.673723068,4
26.png,4,511,92,1.1999994,5.554347222,255,1,-1.95026409,-0.593183802,4
26.png,5,361,76,0.999999444,4.749999375,255,1,-1.969444865,-0.673723068,4
26.png,8,500,90,1.047618549,5.555554938,255,1,-1.943112733,-0.654199662,4
27.png,3,398,80,0.999999474,4.974999378,255,1,-1.961343459,-0.673535145,4
27.png,4,361,76,0.999999444,4.749999375,255,1,-1.969444865,-0.673723068,4
27.png,5,511,92,1.1999994,5.554347222,255,1,-1.95026409,-0.593183802,4
27.png,6,361,76,0.999999444,4.749999375,255,1,-1.969444865,-0.673723068,4
27.png,8,499,90,1.047618549,5.544443828,255,1,-1.943406554,-0.654163286,4
28.png,3,398,80,0.999999474,4.974999378,255,1,-1.961343459,-0.673535145,4
28.png,4,361,76,0.999999444,4.749999375,255,1,-1.969444865,-0.673723068,4
28.png,5,511,92,1.1999994,5.554347222,255,1,-1.95026409,-0.593183802,4
28.png,6,361,76,0.999999444,4.749999375,255,1,-1.969444865,-0.673723068,4
28.png,8,499,90,1.047618549,5.544443828,255,1,-1.943406554,-0.654163286,4
29.png,4,454,86,1.157894127,5.279069154,255,1,-1.958561243,-0.610402949,4
29.png,9,479,88,0.999999524,5.4431812,255,1,-1.944613441,-0.673216513,4
30.png,5,399,80,1.111110494,4.987499377,255,1,-1.967006889,-0.629426209,4
30.png,9,479,88,0.999999524,5.4431812,255,1,-1.944613441,-0.673216513,4
31.png,2,398,80,0.999999474,4.974999378,255,1,-1.961343459,-0.673535145,4
31.png,3,361,76,0.999999444,4.749999375,255,1,-1.969444865,-0.673723068,4
31.png,4,511,92,1.1999994,5.554347222,255,1,-1.95026409,-0.593183802,4
31.png,5,361,76,0.999999444,4.749999375,255,1,-1.969444865,-0.673723068,4
31.png,7,499,90,1.047618549,5.544443828,255,1,-1.943406554,-0.654163286,4
32.png,2,398,80,0.999999474,4.974999378,255,1,-1.961343459,-0.673535145,4
32.png,3,361,76,0.999999444,4.749999375,255,1,-1.969444865,-0.673723068,4
32.png,4,492,90,1.149999425,5.466666059,255,1,-1.950985333,-0.613227658,4
32.png,5,361,76,0.999999444,4.749999375,255,1,-1.969444865,-0.673723068,4
32.png,7,499,90,1.047618549,5.544443828,255,1,-1.943406554,-0.654163286,4
33.png,3,492,90,1.149999425,5.466666059,255,1,-1.950985333,-0.613227658,4
33.png,4,361,76,0.999999444,4.749999375,255,1,-1.969444865,-0.673723068,4
33.png,6,479,88,0.999999524,5.4431812,255,1,-1.944613441,-0.673216513,4
34.png,4,491,90,1.149999425,5.455554949,255,1,-1.951279154,-0.613191282,4
34.png,6,479,88,0.999999524,5.4431812,255,1,-1.944613441,-0.673216513,4
35.png,4,399,80,1.111110494,4.987499377,255,1,-1.967006889,-0.629426209,4
35.png,7,460,86,0.952380499,5.348836587,255,1,-1.945634122,-0.692292225,4
36.png,1,361,76,0.999999444,4.749999375,255,1,-1.969444865,-0.673723068,4
36.png,3,459,86,0.952380499,5.337208682,255,1,-1.945941207,-0.692254137,4
37.png,3,458,86,0.952380499,5.325580776,255,1,-1.946248293,-0.692216049,4
38.png,5,420,82,0.949999525,5.121950595,255,1,-1.95368147,-0.693421262,4
39.png,3,420,82,0.949999525,5.121950595,255,1,-1.95368147,-0.693421262,4
40.png,4,420,82,0.949999525,5.121950595,255,1,-1.95368147,-0.693421262,4
41.png,4,420,82,0.949999525,5.121950595,255,1,-1.95368147,-0.693421262,4
43.png,3,420,82,0.949999525,5.121950595,255,1,-1.95368147,-0.693421262,4
44.png,3,420,82,0.949999525,5.121950595,255,1,-1.95368147,-0.693421262,4
45.png,3,420,82,0.949999525,5.121950595,255,1,-1.95368147,-0.693421262,4
46.png,4,420,82,0.949999525,5.121950595,255,1,-1.95368147,-0.693421262,4
47.png,5,420,82,0.949999525,5.121950595,255,1,-1.95368147,-0.693421262,4
70.png,5,420,82,0.949999525,5.121950595,255,1,-1.95368147,-0.693421262,4
71.png,4,420,82,0.949999525,5.121950595,255,1,-1.95368147,-0.693421262,4
74.png,4,420,82,0.949999525,5.121950595,255,1,-1.95368147,-0.693421262,4
75.png,4,420,82,0.949999525,5.121950595,255,1,-1.95368147,-0.693421262,4
76.png,3,400,80,0.999999474,4.999999375,255,1,-1.960684524,-0.673617099,4
77.png,3,440,84,0.904761474,5.238094615,255,1,-1.947084298,-0.71131405,4
78.png,3,440,84,0.904761474,5.238094615,255,1,-1.947084298,-0.71131405,4
79.png,3,440,84,0.904761474,5.238094615,255,1,-1.947084298,-0.71131405,4
80.png,4,419,82,0.949999525,5.109755474,255,1,-1.954003113,-0.693381295,4
88.png,2,440,84,0.904761474,5.238094615,255,1,-1.947084298,-0.71131405,4
89.png,3,419,82,0.949999525,5.109755474,255,1,-1.954003113,-0.693381295,4
96.png,4,400,80,0.999999474,4.999999375,255,1,-1.960684524,-0.673617099,4
97.png,6,398,80,0.999999474,4.974999378,255,1,-1.961343459,-0.673535145,4
98.png,4,400,80,0.999999474,4.999999375,255,1,-1.960684524,-0.673617099,4
99.png,4,398,80,0.999999474,4.974999378,255,1,-1.961343459,-0.673535145,4
